INSERT INTO BuildClasses VALUES (1, "Piston Door", "...", "#0000ff", "05-02-2020", "05-02-2020");
INSERT INTO BuildClasses VALUES (2, "Logic", "...", "#00ff00", "05-02-2020", "05-02-2020");
INSERT INTO BuildClasses VALUES (3, "Farms", "...", "#ff0000", "05-02-2020", "05-02-2020");

INSERT INTO Editions VALUES (1, "Minecraft Java Edition", "...", "05-02-2020", "05-02-2020");
INSERT INTO Editions VALUES (2, "Minecraft Bedrock Edition", "...", "05-02-2020", "05-02-2020");

INSERT INTO RecordTypes VALUES (1, "Smallest", "...", "05-02-2020", "05-02-2020");
INSERT INTO RecordTypes VALUES (2, "Fastest", "...", "05-02-2020", "05-02-2020");
INSERT INTO RecordTypes VALUES (3, "Smallest Observerless", "...", "05-02-2020", "05-02-2020");
INSERT INTO RecordTypes VALUES (4, "Fastest Observerless", "...", "05-02-2020", "05-02-2020");

INSERT INTO GuildRecordTypeChannels VALUES (8374652635, 1, 5243674984, "05-02-2020", "05-02-2020");
INSERT INTO GuildRecordTypeChannels VALUES (8374652635, 2, 7384673652, "05-02-2020", "05-02-2020");
INSERT INTO GuildRecordTypeChannels VALUES (8374652635, 3, 8539688352, "05-02-2020", "05-02-2020");
INSERT INTO GuildRecordTypeChannels VALUES (8374652635, 4, 0727736667, "05-02-2020", "05-02-2020");
INSERT INTO GuildRecordTypeChannels VALUES (9987369290, 1, 7356253746, "05-02-2020", "05-02-2020");
INSERT INTO GuildRecordTypeChannels VALUES (9987369290, 2, 9874687645, "05-02-2020", "05-02-2020");
INSERT INTO GuildRecordTypeChannels VALUES (9987369290, 3, 6735648762, "05-02-2020", "05-02-2020");
INSERT INTO GuildRecordTypeChannels VALUES (9987369290, 4, 9687564324, "05-02-2020", "05-02-2020");

INSERT INTO UserStrikes VALUES (8365876293, 1, "...", 3874982635, "05-02-2020", "05-02-2020");
INSERT INTO UserStrikes VALUES (8365876293, 2, "...", 7635726387, "05-02-2020", "05-02-2020");
INSERT INTO UserStrikes VALUES (8365876293, 3, "...", 8798737772, "05-02-2020", "05-02-2020");
INSERT INTO UserStrikes VALUES (9378276281, 1, "...", 7635726387, "05-02-2020", "05-02-2020");
INSERT INTO UserStrikes VALUES (9378276281, 2, "...", 9367464235, "05-02-2020", "05-02-2020");
INSERT INTO UserStrikes VALUES (8372671628, 1, "...", 3874982635, "05-02-2020", "05-02-2020");

INSERT INTO GuildSettings VALUES (8374652635, 3746857263, 8736543337, "05-02-2020", "05-02-2020");
INSERT INTO GuildSettings VALUES (9987369290, 8847256790, 8749885748, "05-02-2020", "05-02-2020");

INSERT INTO GuildTicketChannels VALUES (8374652635, 8764763888, 1, 1, 4876377628, "05-02-2020");
INSERT INTO GuildTicketChannels VALUES (8374652635, 8376487367, 1, 2, 0980980980, "05-02-2020");
INSERT INTO GuildTicketChannels VALUES (8374652635, 9876736548, 1, 3, 7893673738, "05-02-2020");

INSERT INTO Versions VALUES (1, 1, 1, 14, 0, "The ... Update", "...", "05-02-2020", "05-02-2020", "05-02-2020");
INSERT INTO Versions VALUES (2, 1, 1, 14, 1, "The ... Update", "...", "05-02-2020", "05-02-2020", "05-02-2020");
INSERT INTO Versions VALUES (3, 1, 1, 14, 2, "The ... Update", "...", "05-02-2020", "05-02-2020", "05-02-2020");
INSERT INTO Versions VALUES (4, 2, 0, 1, 0, "The ... Update", "...", "05-02-2020", "05-02-2020", "05-02-2020");
INSERT INTO Versions VALUES (5, 2, 0, 1, 1, "The ... Update", "...", "05-02-2020", "05-02-2020", "05-02-2020");
INSERT INTO Versions VALUES (6, 2, 0, 1, 2, "The ... Update", "...", "05-02-2020", "05-02-2020", "05-02-2020");

INSERT INTO Records VALUES (1, 1, 7367467287, "05-02-2020", 0, 1, 1, 1, 1, "...", "...", 8767364589, "05-02-2020", "05-02-2020");
INSERT INTO Records VALUES (2, 1, 7367467287, "05-02-2020", 0, 2, 1, 2, 1, "...", "...", 8767364589, "05-02-2020", "05-02-2020");
INSERT INTO Records VALUES (3, 1, 7367467287, "05-02-2020", 0, 3, 1, 3, 1, "...", "...", 8767364589, "05-02-2020", "05-02-2020");
INSERT INTO Records VALUES (4, 1, 7367467287, "05-02-2020", 0, 4, 1, 1, 2, "...", "...", 8767364589, "05-02-2020", "05-02-2020");
INSERT INTO Records VALUES (5, 1, 7367467287, "05-02-2020", 0, 5, 1, 2, 2, "...", "...", 8767364589, "05-02-2020", "05-02-2020");
INSERT INTO Records VALUES (6, 1, 7367467287, "05-02-2020", 0, 6, 1, 3, 2, "...", "...", 8767364589, "05-02-2020", "05-02-2020");
INSERT INTO Records VALUES (7, 1, 7367467287, "05-02-2020", 0, 7, 1, 1, 3, "...", "...", 8767364589, "05-02-2020", "05-02-2020");
INSERT INTO Records VALUES (8, 1, 7367467287, "05-02-2020", 0, 8, 1, 2, 3, "...", "...", 8767364589, "05-02-2020", "05-02-2020");
INSERT INTO Records VALUES (9, 1, 7367467287, "05-02-2020", 0, 9, 1, 3, 3, "...", "...", 8767364589, "05-02-2020", "05-02-2020");
INSERT INTO Records VALUES (10, 1, 7367467287, "05-02-2020", 0, 10, 1, 1, 4, "...", "...", 8767364589, "05-02-2020", "05-02-2020");
INSERT INTO Records VALUES (11, 1, 7367467287, "05-02-2020", 0, 11, 1, 2, 4, "...", "...", 8767364589, "05-02-2020", "05-02-2020");
INSERT INTO Records VALUES (12, 1, 7367467287, "05-02-2020", 0, 12, 1, 3, 4, "...", "...", 8767364589, "05-02-2020", "05-02-2020");
INSERT INTO Records VALUES (13, 1, 7367467287, "05-02-2020", 0, 13, 2, 1, 1, "...", "...", 8767364589, "05-02-2020", "05-02-2020");
INSERT INTO Records VALUES (14, 1, 7367467287, "05-02-2020", 0, 14, 2, 2, 1, "...", "...", 8767364589, "05-02-2020", "05-02-2020");
INSERT INTO Records VALUES (15, 1, 7367467287, "05-02-2020", 0, 15, 2, 3, 1, "...", "...", 8767364589, "05-02-2020", "05-02-2020");
INSERT INTO Records VALUES (16, 1, 7367467287, "05-02-2020", 0, 16, 2, 1, 2, "...", "...", 8767364589, "05-02-2020", "05-02-2020");
INSERT INTO Records VALUES (17, 1, 7367467287, "05-02-2020", 0, 17, 2, 2, 2, "...", "...", 8767364589, "05-02-2020", "05-02-2020");
INSERT INTO Records VALUES (18, 1, 7367467287, "05-02-2020", 0, 18, 2, 3, 2, "...", "...", 8767364589, "05-02-2020", "05-02-2020");
INSERT INTO Records VALUES (19, 1, 7367467287, "05-02-2020", 0, 19, 2, 1, 3, "...", "...", 8767364589, "05-02-2020", "05-02-2020");
INSERT INTO Records VALUES (20, 1, 7367467287, "05-02-2020", 0, 20, 2, 2, 3, "...", "...", 8767364589, "05-02-2020", "05-02-2020");
INSERT INTO Records VALUES (21, 1, 7367467287, "05-02-2020", 0, 21, 2, 3, 3, "...", "...", 8767364589, "05-02-2020", "05-02-2020");
INSERT INTO Records VALUES (22, 1, 7367467287, "05-02-2020", 0, 22, 2, 1, 4, "...", "...", 8767364589, "05-02-2020", "05-02-2020");
INSERT INTO Records VALUES (23, 1, 7367467287, "05-02-2020", 0, 23, 2, 2, 4, "...", "...", 8767364589, "05-02-2020", "05-02-2020");
INSERT INTO Records VALUES (24, 1, 7367467287, "05-02-2020", 0, 24, 2, 3, 4, "...", "...", 8767364589, "05-02-2020", "05-02-2020");

INSERT INTO Builds VALUES (1, 1, 8397267456, "05-02-2020", 0, 0, "", 0, 1, 1, 1, "3x3 Piston Door", "Just a regular 3x3 piston door.", "Kappeh", "05-02-2020", 9, 9, 9, 20, 20, 20, 20, 20, 20, 20, 20, 0, 0, 0, 0, "", "", "", "", "", "", 8376499283, "05-02-2020", "05-02-2020");
INSERT INTO Builds VALUES (2, 1, 8397267456, "05-02-2020", 0, 0, "", 0, 1, 1, 1, "3x3 Piston Door", "Just a regular 3x3 piston door.", "SpaceWalker", "05-02-2020", 9, 9, 9, 20, 20, 20, 20, 20, 20, 20, 20, 0, 0, 0, 0, "", "", "", "", "", "", 8376499283, "05-02-2020", "05-02-2020");
INSERT INTO Builds VALUES (3, 1, 8397267456, "05-02-2020", 0, 0, "", 0, 1, 1, 1, "3x3 Piston Door", "Just a regular 3x3 piston door.", "G4me4u", "05-02-2020", 9, 9, 9, 20, 20, 20, 20, 20, 20, 20, 20, 0, 0, 0, 0, "", "", "", "", "", "", 8376499283, "05-02-2020", "05-02-2020");
INSERT INTO Builds VALUES (4, 1, 8397267456, "05-02-2020", 1, 3847569283, "", 0, 1, 1, 1, "4x4 Piston Door", "Just a regular 4x4 piston door.", "Kappeh", "05-02-2020", 9, 9, 9, 20, 20, 20, 20, 20, 20, 20, 20, 0, 0, 0, 0, "", "", "", "", "", "", 8376499283, "05-02-2020", "05-02-2020");
INSERT INTO Builds VALUES (5, 0, 0, "05-02-2020", 0, 0, "", 0, 1, 1, 1, "5x5 Piston Door", "Just a regular 5x5 piston door.", "Kappeh", "05-02-2020", 9, 9, 9, 20, 20, 20, 20, 20, 20, 20, 20, 0, 0, 0, 0, "", "", "", "", "", "", 8376499283, "05-02-2020", "05-02-2020");
INSERT INTO Builds VALUES (6, 0, 0, "05-02-2020", 1, 3847569283, "", 0, 1, 1, 1, "6x6 Piston Door", "Just a regular 6x6 piston door.", "Kappeh", "05-02-2020", 9, 9, 9, 20, 20, 20, 20, 20, 20, 20, 20, 0, 0, 0, 0, "", "", "", "", "", "", 8376499283, "05-02-2020", "05-02-2020");

INSERT INTO BuildRecords VALUES (1, 1, 1, 1, 3984958729, "05-02-2020", 0, 0, "", 0, 1, 3984762563, "05-02-2020", "05-02-2020");
INSERT INTO BuildRecords VALUES (2, 2, 1, 1, 3984958729, "05-02-2020", 0, 0, "", 1, 1, 3984762563, "05-02-2020", "05-02-2020");
INSERT INTO BuildRecords VALUES (3, 3, 1, 1, 3984958729, "05-02-2020", 0, 0, "", 1, 2, 3984762563, "05-02-2020", "05-02-2020");
INSERT INTO BuildRecords VALUES (4, 4, 1, 1, 3984958729, "05-02-2020", 0, 0, "", 0, 4, 3984762563, "05-02-2020", "05-02-2020");
INSERT INTO BuildRecords VALUES (5, 5, 1, 1, 3984958729, "05-02-2020", 0, 0, "", 0, 5, 3984762563, "05-02-2020", "05-02-2020");
INSERT INTO BuildRecords VALUES (6, 6, 1, 1, 3984958729, "05-02-2020", 0, 0, "", 0, 6, 3984762563, "05-02-2020", "05-02-2020");

INSERT INTO GuildRecordMessages VALUES (8374652635, 1, 2938749283, 2983764857, "05-02-2020", "05-02-2020");
INSERT INTO GuildRecordMessages VALUES (9987369290, 1, 4876387656, 9998478573, "05-02-2020", "05-02-2020");
INSERT INTO GuildRecordMessages VALUES (8374652635, 2, 3904892820, 3983746749, "05-02-2020", "05-02-2020");
INSERT INTO GuildRecordMessages VALUES (9987369290, 2, 3984987567, 3984783873, "05-02-2020", "05-02-2020");
INSERT INTO GuildRecordMessages VALUES (8374652635, 3, 3984763782, 3894892783, "05-02-2020", "05-02-2020");
INSERT INTO GuildRecordMessages VALUES (9987369290, 3, 1987654321, 1234567890, "05-02-2020", "05-02-2020");

INSERT INTO GuildBuildMessages VALUES (8374652635, 1, 2736548726, 2987387497, "05-02-2020", "05-02-2020");
INSERT INTO GuildBuildMessages VALUES (9987369290, 1, 7367483672, 8937894672, "05-02-2020", "05-02-2020");
INSERT INTO GuildBuildMessages VALUES (8374652635, 2, 2736548726, 8378474863, "05-02-2020", "05-02-2020");
INSERT INTO GuildBuildMessages VALUES (9987369290, 2, 7367483672, 3398474673, "05-02-2020", "05-02-2020");
INSERT INTO GuildBuildMessages VALUES (8374652635, 3, 2736548726, 7364736892, "05-02-2020", "05-02-2020");
INSERT INTO GuildBuildMessages VALUES (9987369290, 3, 7367483672, 9409847987, "05-02-2020", "05-02-2020");

INSERT INTO Statuses VALUES (1, "Working", "...", "05-02-2020", "05-02-2020");
INSERT INTO Statuses VALUES (2, "Broken", "...", "05-02-2020", "05-02-2020");

INSERT INTO BuildVersions VALUES (1, 3, 1, "...", "05-02-2020", "05-02-2020");
INSERT INTO BuildVersions VALUES (2, 3, 2, "...", "05-02-2020", "05-02-2020");
INSERT INTO BuildVersions VALUES (3, 3, 1, "...", "05-02-2020", "05-02-2020");
INSERT INTO BuildVersions VALUES (4, 3, 2, "...", "05-02-2020", "05-02-2020");
INSERT INTO BuildVersions VALUES (5, 3, 2, "...", "05-02-2020", "05-02-2020");
INSERT INTO BuildVersions VALUES (6, 3, 1, "...", "05-02-2020", "05-02-2020");